arrival_times,start_times,completion_times,ttft,tbt
1.2021043019829973,1.2021043019829973,1.8383157436032116,0.042879919298731695,0.009270805036273163
2.370199129895224,2.370199129895224,3.158457657795842,0.05108077276261147,0.011518402424031357
3.562579629832351,3.562579629832351,4.392632771996131,0.03006096405007641,0.01249987778302661
3.702476774758143,4.392632771996131,5.2017368993676545,0.7225406131638721,0.012136242366338116
3.745695474607331,5.2017368993676545,6.201150029016169,1.6688259459780457,0.01229107200673112
4.4720257324604065,6.201150029016169,7.100994333741202,1.8504439250152478,0.012164448066649172
5.1770060795891935,7.100994333741202,7.845169323657931,1.9859640551847102,0.010659362326312928
6.739154057863942,7.845169323657931,8.519831610038832,1.1595902295938068,0.009704489415329422
6.778801156455697,8.519831610038832,9.17385956531983,1.7650118080489152,0.009844478137737766
7.302081579727279,9.17385956531983,10.343201469109792,2.282128735068804,0.011859236786151703
7.337299733126183,10.343201469109792,11.125156873562604,3.0199316935666056,0.011998835107340854
7.881811547138162,11.125156873562604,11.91868088136928,3.291116156622805,0.01165239340012989
8.747475223580066,11.91868088136928,12.705380426367691,3.3160805109632605,0.010028510809755696
8.940922635875022,12.705380426367691,13.649585442127886,3.8885114376899708,0.0128148651337952
9.556715467205809,13.649585442127886,14.539098737310855,4.272860008413721,0.011086300963926972
9.633602094118922,14.539098737310855,15.340219428487824,5.0026703822764045,0.010999171126445263
9.679390727814019,15.340219428487824,16.23453469381781,5.945871359970269,0.009519884469273812
9.836980328880214,16.23453469381781,17.101777188146006,6.46976143245916,0.012422428543853609
10.287579966565293,17.101777188146006,17.950448987670228,6.88824479476726,0.012103503536526148
10.494072631434538,17.950448987670228,18.660165793184092,7.574541720546826,0.009242991268792602
11.117765606341349,18.660165793184092,19.395897991031116,7.6324019790071755,0.010089537588790502
11.22955379244751,19.395897991031116,20.201939881597536,8.367052650365027,0.009458334981015622
12.148538924519741,20.201939881597536,21.127819170402294,8.278281766583167,0.010953101239052902
12.762081856126871,21.127819170402294,21.82300744931103,8.381093176177734,0.010622381515725393
13.08997993310837,21.82300744931103,22.78201605138771,9.087148120069951,0.009451374972021708
13.29852328626428,22.78201605138771,23.39121744099496,9.49960345870266,0.009267042125437858
13.525183130913412,23.39121744099496,24.04343845455475,9.89397000068125,0.009754458171251371
13.563721704441239,24.04343845455475,24.778483111914234,10.49257216632233,0.011284206892979178
13.653537831628515,24.778483111914234,25.466228576620203,11.136885952587338,0.01055944988131799
13.996198057430641,25.466228576620203,26.17654036383174,11.650201776148974,0.00828344578518948
14.190538175510552,26.17654036383174,26.812588004051825,11.999016852434911,0.009734890251661927
14.822641604293105,26.812588004051825,27.55347583722023,12.000809283933377,0.01140663982802731
15.176886918001168,27.55347583722023,28.493728294983057,12.50705327455494,0.012652939100421085
15.295851895150177,28.493728294983057,29.678006848573716,13.660463691608927,0.011276425965853291
15.526396063278913,29.678006848573716,30.438904174398402,14.213271605854942,0.01092557039475855
15.84717443187417,30.438904174398402,31.21166751559807,14.63552250889683,0.011390165231672966
16.019091112593067,31.21166751559807,32.07515993250376,15.381934496262119,0.010533348807009006
16.18004672304622,32.07515993250376,32.8277749996731,15.99645370819196,0.010176165131795652
16.619504064142493,32.8277749996731,33.90159928695492,16.677401373616096,0.009448341393692652
16.767977668606893,33.90159928695492,35.16539692463979,17.547649081538854,0.01327765897646948
17.434828881122833,35.16539692463979,35.91122330029829,17.799749812476797,0.010572571979666504
18.130260874245785,35.91122330029829,36.51992052676428,17.808805417726276,0.00907584741862843
18.67230233822838,36.51992052676428,37.30786702401234,17.946935920049757,0.010759824464596904
18.708816512218597,37.30786702401234,38.23774670955217,18.687856068810568,0.013141783258171901
19.275850263079974,38.23774670955217,38.88251484853558,18.979877956507906,0.00979354107730778
19.95301925701256,38.88251484853558,39.676704056400254,18.959664904511026,0.011937810857447917
20.514039082741274,39.676704056400254,40.49032731634231,19.27248625210935,0.010996905960807648
20.654063642859484,40.49032731634231,41.272428780654266,19.89858365937709,0.011246585600276426
20.8145317383775,41.272428780654266,42.1903352902468,20.604773400109767,0.012047346121242697
20.897399692028298,42.1903352902468,43.06432391798581,21.39430938510154,0.012072106888374587
21.07458144837403,43.06432391798581,43.83689579700591,22.09962380239679,0.010354539784923246
21.085151326578924,43.83689579700591,44.81040098069525,22.926978424843796,0.012472987957383271
21.16882952463678,44.81040098069525,46.16886560305198,24.359786295315022,0.010003902860940255
21.82635794691036,46.16886560305198,46.79659663462889,24.383882441007348,0.009161816354862221
23.82423608250278,46.79659663462889,47.79453770102563,23.161344147187855,0.012639960489609345
24.106005128697095,47.79453770102563,48.64961581706027,23.758854007494183,0.01226182313857804
24.248024979497508,48.64961581706027,49.281504481322635,24.487551190968595,0.008530129857133258
24.446903106451124,49.281504481322635,50.20177120994656,24.903250429438877,0.013306526157133666
24.627574217918582,50.20177120994656,50.8587824619951,25.633937706073116,0.009332352156303103
24.692391019530383,50.8587824619951,51.92356435960655,26.4052953202113,0.01290434406038855
25.234053586966187,51.92356435960655,53.00440215984213,27.053842609247997,0.011195405681686688
25.92197801372491,53.00440215984213,53.83990123942952,27.16932009949172,0.011696923847076431
26.675882579046313,53.83990123942952,54.71021726772169,27.20783715805096,0.012914023916006493
29.3308239769262,54.71021726772169,55.7496229274485,25.73477554595053,0.010687865696433855
30.38415409431458,55.7496229274485,56.55912019408296,25.446260745896808,0.01138602115424325
31.206587014562373,56.55912019408296,57.16681280296829,25.38819356247955,0.008938003530099463
31.728332755550674,57.16681280296829,58.17488691984277,25.703201726259003,0.01161488184426706
32.02459485503107,58.17488691984277,59.034045571806494,26.251599915245627,0.01184141877390315
32.04682163316699,59.034045571806494,59.82180336122929,27.05779930810006,0.011205975311910086
32.52512302657709,59.82180336122929,60.73566904579487,27.417677490551732,0.012388570760407044
32.83581457032356,60.73566904579487,61.54351370837073,27.918310244126566,0.01233420146750938
33.58979525787836,61.54351370837073,62.52606970698997,28.047646285548062,0.013884815055680544
34.60379604845648,62.52606970698997,63.34311367714345,28.022854097253592,0.011194742678646542
34.76983045580511,63.34311367714345,64.5498346005249,28.97085285307071,0.012642988932016774
34.794705816406974,64.5498346005249,65.3442896611721,29.771725391584,0.012154038330955104
35.25711693396836,65.3442896611721,66.1130624490273,30.121963707532174,0.011468465742605653
36.53382663386539,66.1130624490273,66.83609399770958,29.683216146381653,0.009672675272852113
36.94436243216962,66.83609399770958,67.53307803378574,29.947804136244095,0.010014241646437858
38.00983387509181,67.53307803378574,68.53124420000508,29.637427460651757,0.013812232254086187
38.38634124776172,68.53124420000508,69.28650686543203,30.26083181394722,0.009989590683173245
39.04333827158367,69.28650686543203,70.30315443693718,30.2946844052154,0.01508018375215788
39.18772976892557,70.30315443693718,71.37077937917468,31.522328027220844,0.010323774734816523
39.25493839434492,71.37077937917468,72.29717742377318,32.334794023233215,0.011053828221797572
39.326178810715064,72.29717742377318,73.17378255377263,33.17037723721461,0.010581664153796135
39.385019969752605,73.17378255377263,74.02782767382365,33.9465900940469,0.010878400156627343
39.41235652920937,74.02782767382365,74.65669957165413,34.65191886322852,0.009256627800253677
40.27065312495661,74.65669957165413,75.4039691871531,34.44728137905966,0.010719291924012952
40.494960624340074,75.4039691871531,76.21426302107709,34.946446915739905,0.01207586689057977
40.68802625567262,76.21426302107709,76.98211036527483,35.58323072659588,0.011107084109473954
41.15550592296829,76.98211036527483,77.74581122653565,35.992921763324006,0.009334117816302398
41.249139650702375,77.74581122653565,78.61115302358698,36.71792302638747,0.0100639116640177
42.2082858716282,78.61115302358698,79.15438037133877,36.4195110031739,0.008227867133385603
42.854263891348424,79.15438037133877,79.9563710565678,36.56955244005897,0.008321167580631401
43.01888498934878,79.9563710565678,80.6575875003014,37.00512577947403,0.009899636429353017
43.11918089653499,80.6575875003014,81.60226577510588,37.71655641861471,0.011977007186815308
43.38469070116926,81.60226577510588,82.32408138578914,38.25661390313354,0.010668387210724143
43.537106136072644,82.32408138578914,83.26832403578723,38.9845076780604,0.011667347213346719
43.57497548551882,83.26832403578723,84.00115238750526,39.7135684080136,0.011134507718325581
43.82675538474488,84.00115238750526,84.63570881794779,40.204136519827266,0.009450264271494471
44.952694667095436,84.63570881794779,85.73303454251655,40.097445654496546,0.010670222201946262
45.457119635775605,85.73303454251655,86.73942476255297,40.50532170054604,0.012140366034864392
46.998325248581686,86.73942476255297,87.559604436767,39.78424556087162,0.012141150426776645
48.021541411148256,87.559604436767,88.46758536833379,39.89003975205086,0.00868756570522927
48.58048746056905,88.46758536833379,89.09487161361567,39.943388519633565,0.008921806772078942
49.505787658118976,89.09487161361567,89.89772413875404,39.71110957497763,0.010637920400897418
49.86925299990242,89.89772413875404,90.74506118271694,40.1587475824773,0.011204071880269102
50.403177627902906,90.74506118271694,91.51760291490635,40.362818363779525,0.011743858175373684
50.59328707098038,91.51760291490635,92.26159418371162,40.98218748750173,0.01072061914421113
50.70281413685313,92.26159418371162,93.02383905677885,41.70982241862992,0.009550039082747059
51.7752728288147,93.02383905677885,93.70174093273232,41.306463849035644,0.009687566482530871
51.84542430979983,93.70174093273232,94.88844669693836,42.17488200363423,0.013564693492254618
51.939373807305074,94.88844669693836,95.6671006247387,43.01365454502333,0.011157379256410773
52.09449467609292,95.6671006247387,96.48878390714792,43.70915335567413,0.010705248052826096
52.5782443661798,96.48878390714792,97.3736908400951,44.07718599769656,0.011222819940917637
52.785163904190036,97.3736908400951,98.10208642276912,44.648160600862276,0.010449404964325115
53.127405371847516,98.10208642276912,98.84063924083841,45.090159694832835,0.009735533971219765
54.20729482230988,98.84063924083841,99.63091361809914,44.683242015770254,0.011568387187797003
54.978154940327016,99.63091361809914,100.23713679644878,44.71867978081113,0.008442219926728703
55.56377843552086,100.23713679644878,101.14122618857805,44.74879103029973,0.012947761293085176
55.649253400750176,101.14122618857805,102.10220836145844,45.68158116105591,0.012052715619568019
56.24396386909666,102.10220836145844,102.90971743593826,45.92754602064011,0.011534492909398446
56.471203034896604,102.90971743593826,103.67070534399537,46.55220585807402,0.010114007047261708
56.533084833343494,103.67070534399537,104.63745583154859,47.2610695644202,0.013176584902889145
56.73279769237199,104.63745583154859,105.44801354230941,47.953846861759374,0.011896390440281904
56.76807641046765,105.44801354230941,106.1481758641758,48.70054673071707,0.010618011296735475
57.225618985528136,106.1481758641758,107.0860186660951,49.029109986920425,0.012988901463227199
57.71145744627125,107.0860186660951,107.80437293521487,49.39247092442972,0.010944446320529672
57.858607500923746,107.80437293521487,108.5723971117411,50.0020944154521,0.011120237427582016
57.8815282094368,108.5723971117411,109.32321833260733,50.870405246236096,0.008926326202100415
59.24618343293207,109.32321833260733,110.35094057235686,50.42223751987565,0.010664369055455394
59.650083012698964,110.35094057235686,111.17604485883814,50.7302114264459,0.012433600307707422
60.394119407594275,111.17604485883814,111.86451683835246,50.81486256895974,0.01024273221560069
60.57051685064971,111.86451683835246,112.5857480125533,51.35125098663411,0.010374690238585484
61.408717282298724,112.5857480125533,113.41095048545112,51.21834819440748,0.012248203261639338
62.22935298710678,113.41095048545112,114.15988153233657,51.21810184040197,0.011131667262934587
62.27591907678739,114.15988153233657,114.89766464945053,52.0203760211113,0.009396399242997512
64.99171391279643,114.89766464945053,116.30242348713685,50.5716735106473,0.011547438495205047
65.32851200185425,116.30242348713685,117.22190499643101,51.06690910244832,0.012913810814506746
66.02739121348934,117.22190499643101,117.9220005994991,51.270930820608186,0.0097449775843997
66.14924068931994,117.9220005994991,118.84303061236818,51.954691233189294,0.011548417029045969
66.64115136251654,118.84303061236818,119.55163382762132,52.24210570509754,0.010443386875113092
66.78427285683986,119.55163382762132,120.14269797376922,52.77794436878597,0.009070011689740413
67.5912453255612,120.14269797376922,121.00414128144703,52.65934027871755,0.011774307455754432
67.82278310160235,121.00414128144703,121.80167038772672,53.299120212996,0.010621360517630681
68.21233169540866,121.80167038772672,122.67785979048261,53.7430706002356,0.011288398356849225
68.47636698211655,122.67785979048261,123.50185832262646,54.25253625688178,0.01207742318168962
68.85312200771186,123.50185832262646,124.72912352060347,55.04992294353423,0.012907477646209038
69.08927247671431,124.72912352060347,125.6427101810841,55.94321554932378,0.009534721172593717
69.39576944475027,125.6427101810841,126.4119852601219,56.33381371229103,0.010662532860634124
69.41013020048358,126.4119852601219,127.21105916593098,57.10351222392684,0.010897136586258767
70.20388469073357,127.21105916593098,128.04908225515598,57.10921634041341,0.01149970662514075
71.45870888490269,128.04908225515598,128.92378272560583,56.64446630302446,0.012821992776229385
71.74918865126824,128.92378272560583,129.89727968321677,57.33688424211695,0.012675106091118335
73.45123329961498,129.89727968321677,130.95012350860446,56.83507853266104,0.010372057442632025
73.53527654767886,130.95012350860446,131.6622838808841,57.41625321597307,0.011105533081752654
74.92760035214717,131.6622838808841,132.6233134834482,57.08588521287341,0.009528561225431428
75.10977756930909,132.6233134834482,133.51617376263792,57.634731032115255,0.012057268143961977
75.44410669938019,133.51617376263792,134.12156941661752,58.091292743299775,0.009158905842774373
76.66260384525587,134.12156941661752,135.0808107074305,57.582023087148755,0.013065371484778966
76.72606631172101,135.0808107074305,135.72200115705388,58.381845739125396,0.009595142284491764
76.82155879176166,135.72200115705388,136.42832445378096,58.9286272951358,0.010595911982554627
77.49282311848731,136.42832445378096,137.15743931173634,58.96902325952237,0.010868639589479041
77.98401257923771,137.15743931173634,138.17699276092173,59.501117387264685,0.010810356162801977
78.12799699911068,138.17699276092173,138.9748573608598,60.06502318028481,0.012216205960379721
78.34967614570479,138.9748573608598,139.75220949319126,60.62905573591755,0.012085587680764225
78.72460167106082,139.75220949319126,140.63928995221306,61.25723004539687,0.01027278493367745
79.6744793618936,140.63928995221306,141.44523731960626,61.01346748783929,0.011832663591771247
79.85363956207414,141.44523731960626,142.18636028171682,61.672916444107614,0.010309441805235455
80.23617198918673,142.18636028171682,142.97074536573317,61.98331911732673,0.01173834780030791
80.41326459940525,142.97074536573317,143.60167503142094,62.58996473598019,0.009350714000554433
80.56542385608118,143.60167503142094,144.22677921235865,63.13043866644189,0.008295573278681051
81.63219495336526,144.22677921235865,144.95282335379835,62.60542979928951,0.011174978142868457
81.91048647224693,144.95282335379835,145.6593428991356,63.07134308479198,0.010586145970260927
82.580199106477,145.6593428991356,146.34920285037364,63.18403147388783,0.009140191718887771
82.73155039536339,146.34920285037364,147.0414660100901,63.70832164659841,0.009399905752004518
82.82456794236894,147.0414660100901,147.83235364127276,64.23477598846871,0.012078276725548467
83.39577185296342,147.83235364127276,148.62562887172024,64.56452051963193,0.010395882798826223
84.10449858603762,148.62562887172024,149.46676573384406,64.64447989461154,0.011215425831170179
84.57994180846379,149.46676573384406,150.29266920910302,64.98418846912026,0.011383420804983935
85.17361761497978,150.29266920910302,151.02185805243164,65.17127790072837,0.010577539636304457
85.68304382766544,151.02185805243164,151.75895756615392,65.3709229012099,0.011015481832477721
86.2290218031615,151.75895756615392,152.5330233158246,65.57985347589975,0.011314813074427213
87.35636310390889,152.5330233158246,153.1611108874246,65.20140391854561,0.009427247890157604
88.76809762878062,153.1611108874246,153.89826913226796,64.45325165754204,0.010576872592895394
89.09927629906177,153.89826913226796,154.98719493254922,65.08247028858163,0.01258513038915347
89.14464876781287,154.98719493254922,155.7263848412274,65.90043466257987,0.010645334544291521
89.84651592036184,155.7263848412274,156.50116111211577,66.06891570575289,0.009152023218766242
90.26961271340254,156.50116111211577,157.32943645161035,66.27190072704057,0.012311297049487998
91.48984600695859,157.32943645161035,158.0953234280277,65.9511202155001,0.010224331337016158
92.01208269994649,158.0953234280277,158.99996498917008,66.18958907756183,0.012473331432215034
92.08221751240814,158.99996498917008,159.74831591612386,66.93311793725732,0.011452819788412425
92.60682120381017,159.74831591612386,160.76641597357266,67.59201540026075,0.008868427648464577
92.89304355852883,160.76641597357266,161.57731293471474,67.95632156844448,0.011374184495959873
92.95061162824359,161.57731293471474,162.32524713705078,68.70179841551288,0.010513079582723347
93.0875366833069,162.32524713705078,162.96167944032652,69.28393734992969,0.00922195948578025
94.82555647990449,162.96167944032652,163.70741632960764,68.26195313197647,0.00968604246447953
95.02702010971294,163.70741632960764,164.53590245763175,68.74136651332444,0.011992434915536934
95.15606554615977,164.53590245763175,165.35631164542818,69.4609712714448,0.011551169184744041
95.3781185340605,165.35631164542818,166.0500136389967,70.02021531289508,0.010182496750642294
96.41179572147047,166.0500136389967,166.76965608364767,69.65235216990871,0.01102356550419516
96.95621380975685,166.76965608364767,167.7302078614546,70.05869087494513,0.01117661213675988
97.05506635445485,167.7302078614546,168.43481683061353,70.81603377922698,0.008808073389557795
97.05913106587137,168.43481683061353,169.3149476197689,71.53587330683864,0.011249113235295292
97.27814282365537,169.3149476197689,170.3058080070747,72.20742236562174,0.01281629402808712
97.35345629905463,170.3058080070747,171.15304096554195,73.07558415599901,0.011312507976379896
98.3871873400538,171.15304096554195,171.76535814291154,72.80498453547435,0.00895603542786541
98.44048143815219,171.76535814291154,172.58124712222371,73.45116126540434,0.010775069041674586
98.78260273325739,172.58124712222371,173.34139020244874,73.87529432198824,0.010679580425048367
99.2913664669433,173.34139020244874,174.25980283058036,74.20271002078859,0.011964474107007458
100.72636916387171,174.25980283058036,175.07158172753182,73.61765446754299,0.011368095251830196
100.87160824206595,175.07158172753182,175.97724093805556,74.30547832357033,0.012502412069051493
101.7394981919224,175.97724093805556,176.72681149967556,74.30024100683525,0.01073550470184247
102.1213328779285,176.72681149967556,177.53806115606412,74.73088697469942,0.010716270366190835
102.98634289895489,177.53806115606412,178.27779000840613,74.71938285336208,0.008938504001393233
103.16540793294328,178.27779000840613,179.28929204078955,75.18212113999138,0.014715046372732502
103.3317924276154,179.28929204078955,180.13187998633842,76.05058277249762,0.011711012284771838
103.45817894036806,180.13187998633842,181.20759423861003,76.7681407720692,0.015332414471449458
103.98012735132333,181.20759423861003,181.8800784321172,77.23007059482809,0.010466882593215206
104.30494065637096,181.8800784321172,182.84764210831807,77.82076630541165,0.011280236664616488
104.73798031260351,182.84764210831807,183.8284360802132,78.31702634300571,0.012084834759437389
105.37939450004615,183.8284360802132,184.5150173540737,78.47256824954243,0.010360228195079889
105.95643321854317,184.5150173540737,185.30463630068732,78.68570560105869,0.010351523141960257
106.47908236186548,185.30463630068732,186.0884050841469,78.90265186693635,0.011041732114766828
107.17845618173673,186.0884050841469,186.8808180858329,79.04556844466232,0.010262397803654049
107.19567459345947,186.8808180858329,187.67641666600605,79.78667971131142,0.010844724394299387
107.94814452040262,187.67641666600605,188.6084276105839,79.94154413637673,0.01123029615319616
108.5983501587143,188.6084276105839,189.46841580229406,80.11169685371293,0.01184951234166911
108.81768173027653,189.46841580229406,190.1876062060321,80.7455585667012,0.009755717328974173
108.93754540864136,190.1876062060321,190.92953871569404,81.25166073284335,0.011567696472021008
109.29285261647122,190.92953871569404,192.00826409658418,81.99422950416415,0.011268468374200332
110.30570048954054,192.00826409658418,192.94548754224064,82.03524657981528,0.009445944888825282
110.46866452132168,192.94548754224064,193.72252068354723,82.61006591771933,0.010059222570409865
111.18530914034768,193.72252068354723,194.41350177930988,82.56911342701814,0.010298112686626115
112.66983808467516,194.41350177930988,195.23108777028736,81.77998566921504,0.012207250256205799
112.86925042002241,195.23108777028736,196.5677169392705,82.8947646791379,0.012557841251721935
115.02063650038733,196.5677169392705,197.57311518031383,81.62642880687645,0.014469529266407327
115.05083449175012,197.57311518031383,198.45839182372114,82.62093427248803,0.012290985304421704
115.06942697956384,198.45839182372114,199.20980606187058,83.49414882608212,0.01009734775350968
115.99808134161684,199.20980606187058,199.91939288925025,83.21470491629556,0.011040728614653748
116.32077541929179,199.91939288925025,200.69262253379745,83.61724664947356,0.011790632266126715
116.62379846996447,200.69262253379745,201.6160907765631,84.30884616386268,0.010678845980249482
117.60338711570651,201.6160907765631,202.2255252300084,84.06609556709796,0.008688164800061321
118.84088696903554,202.2255252300084,203.0636920514476,83.41045083956111,0.012693035044545928
119.25302617030002,203.0636920514476,203.84975464198047,83.84528438362437,0.011741313875876336
120.30630386480824,203.84975464198047,204.6241337290906,83.61969201694798,0.010908403864599694
120.81153878842937,204.6241337290906,205.486898606869,84.1372532546807,0.008407915058733489
121.06227026992788,205.486898606869,206.13494709343203,84.52341954432508,0.00858214498717317
121.18391652824883,206.13494709343203,207.2394543448715,85.31100101635425,0.011633387504194025
121.87229915124543,207.2394543448715,208.05459640784088,85.39429224935391,0.012312578238149078
122.94274097309372,208.05459640784088,208.84808782592117,85.2245622613884,0.010637259241235156
124.2776844555249,208.84808782592117,209.63319609348497,84.60543595099679,0.01171993260880123
124.42868977921555,209.63319609348497,210.24163666323557,85.24438970138573,0.008883705978660946
124.94158962104746,210.24163666323557,211.03867265477746,85.32497290452253,0.012064220768866613
125.19824133641231,211.03867265477746,211.7094282239081,85.85517722272925,0.010250151011977196
126.05420554630294,211.7094282239081,212.37715849415176,85.69058626224896,0.009880729462497741
126.16456277826866,212.37715849415176,213.38787316066424,86.32136081579394,0.014092961978150638
126.19403602069885,213.38787316066424,214.1627091985667,87.28222749766537,0.010725713753163474
126.37449306934398,214.1627091985667,214.87760009031416,87.81256003293298,0.01078979668808122
126.40982325148528,214.87760009031416,215.68257472377223,88.54636183374404,0.011349838102232942
126.64537510104654,215.68257472377223,216.59701553149918,89.21734754507926,0.011473326333959139
126.88931510513551,216.59701553149918,217.49031315683357,89.82728368398823,0.012089286995466204
126.94600970122492,217.49031315683357,218.2113445934585,90.57125208012415,0.010845043939209856
128.48962483964314,218.2113445934585,219.09539668883454,89.85360551156438,0.01175259902542208
128.64071500619477,219.09539668883454,219.9324314055367,90.58922289393394,0.010976461022000217
129.2390989195282,219.9324314055367,220.88648840192332,91.00373738068956,0.01005706408914949
129.339459205893,220.88648840192332,222.0335074943536,92.04942092353792,0.0100723025769164
129.59384268398475,222.0335074943536,222.99991455612113,92.79362180847332,0.009569532244735224
129.63896454082698,222.99991455612113,223.81545482898142,93.50634459621656,0.010471026436529375
129.69788552630834,223.81545482898142,224.89017618999915,94.45681156776908,0.01149186087377688
129.7034611442139,224.89017618999915,225.64825503448418,95.2659714291076,0.010606600955667315
130.51114467507048,225.64825503448418,226.36305900898336,95.16660392681891,0.010707975110843135
130.68877204303962,226.36305900898336,227.0455884505376,95.68033204946158,0.010570068094318704
131.0350883021736,227.0455884505376,227.76269807114485,96.06415567528452,0.010366470213855321
131.46956154703787,227.76269807114485,228.61816364813168,96.4632736790831,0.010708256593917335
131.55946806199728,228.61816364813168,229.45318078434664,97.21300546230162,0.010636050938245777
133.02604154656956,229.45318078434664,230.44059117796655,96.46590295373525,0.014822604338464612
133.29936372678574,230.44059117796655,231.25775554346126,97.32779702594058,0.009853043605233173
133.33705134148133,231.25775554346126,232.40501538553963,98.30703610409196,0.01188949906197407
133.39107330713125,232.40501538553963,233.39935184890126,99.33429140806521,0.010531048964137526
133.63923995961358,233.39935184890126,234.23225426927831,99.81787983375514,0.012111476186087228
133.70273553055674,234.23225426927831,234.89238362313867,100.56135492793098,0.009817080697670975
133.86589880259518,234.89238362313867,235.64599969541842,101.13900144132762,0.010017178929619064
134.23756618868018,235.64599969541842,236.2791489165612,101.41969956629538,0.00971692439977578
134.25831474163434,236.2791489165612,237.12421833575203,102.09366791390005,0.012066182503400684
134.43776211889534,237.12421833575203,237.89058137181908,102.79012793383444,0.0103545518607702
135.22270619801785,237.89058137181908,238.7916799258007,102.84532749743565,0.01130697234917518
135.2599670529082,238.7916799258007,239.5864183875373,103.59842161317277,0.011375464397755186
135.74514603994916,239.5864183875373,240.43957015807973,103.93988657336925,0.011789649136895572
135.77038096292586,240.43957015807973,241.2960204904032,104.9089376798778,0.00963596636874298
137.10943535218436,241.2960204904032,242.30436734275315,104.31297978973348,0.01378050313805176
137.23653329377544,242.30436734275315,242.97621890180557,105.11370043792567,0.009781018282882113
137.35907434677108,242.97621890180557,243.93697322632286,105.718956762983,0.013420970571387247
137.90412785983528,243.93697322632286,244.75815348426804,106.08865276585624,0.011958950915257793
139.03381131060172,244.75815348426804,245.55241769555082,105.74663982189583,0.012061977547707325
140.62767977528412,245.55241769555082,246.45149188380492,104.9623192570437,0.013460825804329408
141.31854287142502,246.45149188380492,247.42092599030673,105.24223553357172,0.013439806020468594
142.18234868634642,247.42092599030673,248.27328888048964,105.28687828199978,0.012563467377241542
142.7307718151904,248.27328888048964,249.19384132136406,105.87726724833703,0.009153160278697173
142.82704010527985,249.19384132136406,249.83044131352966,106.40189183282712,0.009398583990979644
143.40986641029266,249.83044131352966,250.5197857612619,106.48999302423147,0.009686348855277468
143.49330655729906,250.5197857612619,251.39820793031546,107.06822300447976,0.013073099508385155
143.98788790828328,251.39820793031546,252.32442544786065,107.63091284400156,0.011025385868371863
144.37151684648947,252.32442544786065,253.03814190757393,108.07246199184485,0.009283797956868923
144.55029903213747,253.03814190757393,253.85696486044176,108.52210775483377,0.012258719897976927
144.90537116426864,253.85696486044176,254.62041889661353,109.02931540825963,0.01071456756383208
145.35649828285534,254.62041889661353,255.49786532863595,109.48319657317577,0.010283913634450699
145.4723567110973,255.49786532863595,256.3344653882775,110.18870202830817,0.010521978888625844
145.6813981192048,256.3344653882775,257.2731924813234,110.8631714751998,0.011384732608105953
145.89276220136637,257.2731924813234,258.46450839878554,111.73268599952453,0.013110315592103529
145.94897452944906,258.46450839878554,259.32202354679043,112.60957560725274,0.011929272032635286
146.09379731178245,259.32202354679043,260.31025895591443,113.56714329199491,0.01014559925214191
146.6068281484916,260.31025895591443,261.2955977052044,113.93601290794001,0.011761822637074749
147.2043758210345,261.2955977052044,262.07664335346874,114.34882000840639,0.008178867562935514
147.4913403798891,262.07664335346874,262.83345229656436,114.60198841303497,0.011564429744379146
147.79131018872195,262.83345229656436,263.7373695528367,115.11426009652527,0.012996863556085557
147.9902397785931,263.7373695528367,264.53371821941386,115.90617075331971,0.009957932617204256
148.57354933302625,264.53371821941386,265.71415582278917,116.35475917436239,0.012278864303133219
148.77667063906753,265.71415582278917,266.48401269034014,116.98968924061339,0.01121332516655003
149.2557548047775,266.48401269034014,267.3428758850438,117.4730103898786,0.009595479537308013
149.57581056591286,267.3428758850438,268.17653280877914,117.82087346779898,0.012185137110426656
149.8759510934378,268.17653280877914,268.9043526308465,118.36416052564837,0.010378765808755581
151.31257903846728,268.9043526308465,269.7697683549542,117.64369834320121,0.012710796457588606
152.38500589021905,269.7697683549542,270.4474150241997,117.4937234908704,0.00888571317359773
152.86197991596694,270.4474150241997,271.7580786258102,118.13064865622098,0.011960157087847471
153.45843252991634,271.7580786258102,272.8480306852541,118.65534832384546,0.011472653617067705
153.53241758905807,272.8480306852541,273.712377474616,119.47953348736735,0.010944162471727758
153.7641694016998,273.712377474616,274.527581641301,119.97033825482055,0.012391781012197796
154.41551666815735,274.527581641301,275.2555389193392,120.25588635354296,0.009127123400607782
154.9270222708347,275.2555389193392,276.07990177639647,120.41527369838667,0.011525090737110968
155.04537990960415,276.07990177639647,276.74550491319576,121.05289108747826,0.010113029939271025
156.59830165268247,276.74550491319576,277.6044626297932,120.26520509782287,0.011577435613872762
156.61749143630038,277.6044626297932,278.7118928670747,121.34319662123255,0.011737575149090065
157.17417332809106,278.7118928670747,279.5869353411581,121.72542089042372,0.010739705041302049
157.22238713985084,279.5869353411581,280.53335970131735,122.52029084027268,0.012354401893653801
158.45103655908804,280.53335970131735,281.3739117748439,122.22757072948104,0.01086413259804438
158.49432614742776,281.3739117748439,282.2834587217432,122.89807560460875,0.013922765151667283
159.27015607957787,282.2834587217432,283.20322779593255,123.23103680223647,0.010969295533097306
159.36069370959683,283.20322779593255,283.8980126647231,123.90171550430614,0.009931303919064901
161.6309591941072,283.8980126647231,284.7749437964139,122.38026285525726,0.011933152297646913
161.9200023338406,284.7749437964139,285.6237480396841,122.87061683499775,0.013017638606964659
162.50714573278267,285.6237480396841,286.5529773175635,123.2126663970981,0.013018206057542461
162.99684033293462,286.5529773175635,287.7052214312256,123.99906771470407,0.011083021618545382
163.33178657429528,287.7052214312256,288.43766459119075,124.54285174905488,0.008797285435008965
164.0528015298215,288.43766459119075,289.2463317546376,124.57648413709111,0.009641345120702752
164.42280790254753,289.2463317546376,290.13006905570654,124.95050792067755,0.011824269257522774
165.79310925643435,290.13006905570654,290.7305665789167,124.38348255513299,0.008655855739833877
165.823632213269,290.7305665789167,291.73692235885187,125.16903825747696,0.011628935751655179
168.50306495035667,291.73692235885187,292.44751724972394,123.30065943821242,0.010059263455544736
168.9169852257777,292.44751724972394,293.18705089087086,123.62562192640695,0.010069433416971814
169.06440486528535,293.18705089087086,293.8899774351195,124.17584913054444,0.010151928738901226
169.35768616821892,293.8899774351195,294.467988061049,124.58245298668058,0.008247639158586362
169.9792111029786,294.467988061049,295.3747741150059,124.66600833958333,0.01139929175693681
170.47761954376492,295.3747741150059,296.46445903079035,125.23852726858613,0.01169237841311381
171.52137289807325,296.46445903079035,297.21257642293443,125.04017210760435,0.010172365894637842
172.65924200196656,297.21257642293443,298.0779510174218,124.67084081340505,0.011685440657034713
173.13201538061824,298.0779510174218,299.0832694516041,125.11468389996,0.013071408922278899
173.91917335075513,299.0832694516041,299.9858942130581,125.3235942473988,0.011611353357877024
174.25526120644625,299.9858942130581,300.8662106995448,125.91851969000007,0.010819215673414161
174.31276941134226,300.8662106995448,301.6253910593118,126.64514776792967,0.010429279375623058
174.58471269213067,301.6253910593118,302.4159357584157,127.08298054318368,0.011691289423458644
174.7317195317696,302.4159357584157,303.2916641620186,127.85920830563384,0.0109490050721117
175.71765362861618,303.2916641620186,304.22329988273185,127.81058145808686,0.010860387437949964
175.83210535033248,304.22329988273185,304.9937783564693,128.4674054129137,0.01084793114411093
176.46915407441972,304.9937783564693,305.8573795362869,128.7622985820823,0.009780107496638539
177.60556075219753,305.8573795362869,306.6165279853166,128.27717337409163,0.011465529047304083
177.6724909352352,306.6165279853166,307.3830668984293,128.9729869333375,0.011524828591509878
178.14716940306667,307.3830668984293,308.23689409880586,129.42020332108407,0.010461271478986088
179.45138469778823,308.23689409880586,309.1576961982895,128.9269927137409,0.012176856043130655
179.70938067965304,309.1576961982895,310.07180429769045,129.6094741460847,0.01176483549926094
179.95546102570003,310.07180429769045,310.8589729524026,130.15584744936749,0.011682257458360594
180.28748237436255,310.8589729524026,311.7377151193486,130.74475557852273,0.011023080725989596
180.390454840863,311.7377151193486,312.42049746520036,131.35656701233953,0.01052305643746622
180.48049726888004,312.42049746520036,313.2001235879363,132.06887433360683,0.010167999772646793
182.0340230137918,313.2001235879363,314.0198248596767,131.21232263612097,0.012085612652561072
183.23451298444823,314.0198248596767,315.01003125030337,131.05236533419495,0.011299264557190387
183.52893661935872,315.01003125030337,316.1369041311412,131.81151724310104,0.012444535448147623
183.69068162342487,316.1369041311412,316.76330430788624,132.47668459238238,0.009311532688734067
184.36276128609234,316.76330430788624,317.60971428327167,132.45002577067385,0.012451987914148224
186.53670857233658,317.60971428327167,318.4056299530448,131.15220332325282,0.011198719647740843
187.6203546700413,318.4056299530448,319.3615410745971,131.02192280565043,0.011238493732895719
187.86339638702938,319.3615410745971,320.1435608312388,131.57175994578088,0.011068820287945445
188.19451762697227,320.1435608312388,321.08647558891903,132.18441756482346,0.01105531870505108
188.74227479508875,321.08647558891903,321.7611913554778,132.37745149334734,0.010022891672526901
189.11768616442959,321.7611913554778,322.53386933140416,132.68322916179272,0.011452406330966874
189.2797205011651,322.53386933140416,323.3415422901274,133.43146906542788,0.009849261305225163
189.4402966551609,323.3415422901274,324.5110585839366,134.35877098363963,0.011124858517751047
189.9818460091137,324.5110585839366,325.22750003651277,134.66096520619024,0.00913576283138793
191.7283492229022,325.22750003651277,326.1493247986429,133.73694280532632,0.010688012037724275
191.82418632139826,326.1493247986429,326.7738433664511,134.3639643654812,0.00915144811830729
192.41879319534155,326.7738433664511,327.55138250185416,134.44903570142884,0.010680525079433893
193.7311341096676,327.55138250185416,328.3340073911716,133.8660594131997,0.011512716692254973
193.73750304672197,328.3340073911716,329.31099752258683,134.9088824278692,0.010384563249932416
194.01183610900162,329.31099752258683,330.1263332911295,135.42890900529423,0.010712315263026573
194.68580469618013,330.1263332911295,330.96406845683595,135.49809494095382,0.012190137807843674
195.82251125314858,330.96406845683595,331.8807522252371,135.3127098074514,0.011648924447454748
197.23120871402077,331.8807522252371,332.37187802894107,134.65888324337524,0.007527907367891644
197.39821325547953,332.37187802894107,333.40290222178857,135.42578743069416,0.009045336493982337
197.43350713082668,333.40290222178857,334.3661742600638,136.19786361346985,0.011481304933863533
197.6041959500792,334.3661742600638,335.2568140652076,136.89212555549074,0.01188269624433864
198.0086614934303,335.2568140652076,336.285556001701,137.45728707486361,0.012806366146985593
198.14105180694312,336.285556001701,336.8785489750654,138.1828656492464,0.008666117482436217
198.35575370886065,336.8785489750654,337.7220481727989,138.56056409934772,0.012589536946727448
199.06523886185366,337.7220481727989,338.5116748457785,138.6920448676402,0.01178736119194727
199.07402526399983,338.5116748457785,339.3691918678003,139.49639961796697,0.01248073415364849
199.96229518031095,339.3691918678003,340.0793571729632,139.46485803329227,0.010190686865000265
199.9728672709359,340.0793571729632,341.00225981928963,140.31368962293348,0.011182858209691296
200.45164145702574,341.00225981928963,341.9020726831324,140.62574372614966,0.012885742186828678
200.4811678533675,341.9020726831324,343.11231159299905,141.8661141745242,0.01195358695480259
200.64119284561284,343.11231159299905,343.82874129103664,142.54545134718674,0.010032767159953956
200.9332471839585,343.82874129103664,344.71419449649744,143.08783876623275,0.01082982103603416
202.0208948872099,344.71419449649744,345.5325180222737,142.82257204067,0.010766423349903144
202.12880618392285,345.5325180222737,346.41175594968354,143.55336158869693,0.011399815266621028
204.07176324741152,346.41175594968354,347.35421358951027,142.68328438740087,0.009361968042153977
205.16085729503968,347.35421358951027,348.18139609237966,142.2697595420377,0.01173092586409804
205.20046340014463,348.18139609237966,348.93424632038483,143.12365151015794,0.009533303282534922
205.20493062632693,348.93424632038483,349.7941716579615,143.8167253756103,0.012070557125379352
205.2898224620531,349.7941716579615,350.84973476187264,144.78163770327012,0.012160540571084904
205.77714337941066,350.84973476187264,351.54347844488797,145.10383456321446,0.010351570347857122
208.8616932035898,351.54347844488797,352.4141216268709,142.87729292734545,0.010548992123994906
209.03929074574037,352.4141216268709,353.2509629613877,143.46042370311514,0.01173825800831579
209.73811530145102,353.2509629613877,354.0712150484936,143.6268154229455,0.011035692564017187
209.78005554488576,354.0712150484936,354.89179553401146,144.3102294207886,0.012523602630267125
210.5607601223816,354.89179553401146,355.6696661853151,144.3845132299226,0.011318638015795949
211.55483561839245,355.6696661853151,356.32589336130127,144.19921088997583,0.008935107077077897
212.66333775367406,356.32589336130127,357.0222840217349,143.67446816430726,0.010694970371149769
213.78873623053764,357.0222840217349,357.8612759541667,143.23562277906868,0.013076827258755945
214.6114830949751,357.8612759541667,358.5615892104353,143.30526921885146,0.010075576509511014
214.65387938509545,358.5615892104353,359.18077186458424,143.91155271557912,0.009614683811089004
215.065923631945,359.18077186458424,359.99346283686293,144.1927881898548,0.011480484610361554
215.28409269747084,359.99346283686293,360.7514944944909,144.85947670508318,0.009498829561513525
215.51832695747348,360.7514944944909,361.78818532113655,145.5705408870194,0.010926835572557435
216.63513405249083,361.78818532113655,362.5653823994209,145.20002394588536,0.011409756266323632
217.71269004368256,362.5653823994209,363.43980597725607,144.9189383552691,0.012627774661006572
218.29738730104543,363.43980597725607,364.2794406294365,145.31386131234933,0.010440500250652168
218.4231693109872,364.2794406294365,365.18857976155806,146.06136017949638,0.01100078548553938
218.9743893737926,365.18857976155806,366.1875295627109,146.2637298553977,0.01483453646125895
219.11810469110154,366.1875295627109,366.88245940503356,147.1668260675846,0.009336385099178274
219.86037500106204,366.88245940503356,367.89541332264145,147.2440000051286,0.0123599736945435
219.95710419628315,367.89541332264145,368.7470428776173,148.1145612813293,0.010552771875075622
220.54898610034064,368.7470428776173,369.60329658995374,148.36145574117575,0.01082585544433366
220.78662112428557,369.60329658995374,370.37750993501976,148.86351021390985,0.011365290575380084
220.83386629834825,370.37750993501976,371.11981818726093,149.62163479917666,0.010379954527125234
221.52390520347635,371.11981818726093,371.9767805373706,149.7190171803268,0.011466533649491177
221.58737561408086,371.9767805373706,372.7536115360276,150.40613816245624,0.011876527492039563
223.72388708674166,372.7536115360276,373.43992994946814,149.0416034691918,0.0105381155239791
224.05331688938054,373.43992994946814,374.388344021556,149.6689641257487,0.010407234475418773
224.23087701724452,374.388344021556,375.3610785089387,150.38292160511932,0.0116762482277326
224.330598342397,375.3610785089387,376.28091510809503,151.1447334925896,0.01258723864231897
224.69533448486897,376.28091510809503,377.02002622173717,151.65493020338334,0.010465023960700957
225.39089142063352,377.02002622173717,378.0432835402486,151.88052597724135,0.012060408474589116
226.27898986835777,378.0432835402486,378.8364743641403,151.89417140201118,0.010364267090177575
226.7185101870359,378.8364743641403,379.7111933356519,152.1443784913442,0.013254760269871475
228.4123397888643,379.7111933356519,380.3640071372339,151.32012776876218,0.00986780593136588
229.18814166187798,380.3640071372339,381.17012200886444,151.26790001203818,0.011157505233566503
229.27736035500362,381.17012200886444,382.18033273419934,152.20947317897736,0.010835925003412163
230.89541615271776,382.18033273419934,382.99602952123047,151.43826943463534,0.010349123966833953
231.0973384046692,382.99602952123047,383.8331579937717,151.95650038983928,0.01217686248848799
232.7973287448663,383.8331579937717,384.4893940519216,151.06080785808493,0.00986339764016218
232.95244383298842,384.4893940519216,385.4238297651772,151.74943362922346,0.011280504733832599
233.21536953739098,385.4238297651772,386.29974295311683,152.3009678435858,0.012240712064688372
233.78846110358919,386.29974295311683,387.0589894935771,152.56251517465532,0.011062706489571967
233.8253027736318,387.0589894935771,387.96009421216144,153.37153320768755,0.011925909856907422
235.1423143979706,387.96009421216144,388.82206271685857,152.866026063913,0.012714410233983812
235.3666258289525,388.82206271685857,389.425252312111,153.50918271921338,0.008585058811642609
235.4962683309546,389.425252312111,390.22386570077146,154.04064429025544,0.010733641868147424
235.5266218273832,390.22386570077146,390.99414332732647,154.94789939475507,0.008119095393565371
235.53935804557162,390.99414332732647,391.56281981171566,155.4793980783713,0.008500995121448727
235.55393455817673,391.56281981171566,392.5711974630251,156.34858509609276,0.010448090761806392
235.74459083648514,392.5711974630251,393.6919476492693,157.1622526781399,0.012267252103816273
235.9271593818854,393.6919476492693,394.87506725081437,158.0922932688429,0.01336897812634501
236.43744089234238,394.87506725081437,395.8035130117726,158.68659602224264,0.010616814018556207
237.5824478888137,395.8035130117726,396.59534521283126,158.26687085293327,0.01165666361069169
238.1687350248942,396.59534521283126,397.5597207413651,158.56160273816573,0.0129591090360175
238.71396461813998,397.5597207413651,398.3730660871204,158.94633409987995,0.011136990142194322
238.99088458177457,398.3730660871204,399.0389160849951,159.3951284375598,0.010201610400949098
239.47489514522883,399.0389160849951,400.0215752586495,159.9075216940835,0.009986850302142924
239.87520754781434,400.0215752586495,400.7972241879109,160.26778012059538,0.010222445617205908
239.9020533336708,400.7972241879109,401.55734768480414,160.92790112434537,0.011365519168561747
240.03641329477162,401.55734768480414,402.5242443850374,161.69299558646983,0.012419304746810859
240.16604593914002,402.5242443850374,403.2372914208881,162.39204778342105,0.01061246403635977
240.20447528731526,403.2372914208881,404.01129301026106,163.16911813463597,0.009964056067341331
240.43318831118395,404.01129301026106,404.7857755778773,163.66162115733292,0.010796345458757024
240.46284565201594,404.7857755778773,405.68089430484775,164.35384947213342,0.013503112198412744
241.21499762829632,405.68089430484775,406.4460377762093,164.51735640493143,0.011151308484086759
241.98488034115064,406.4460377762093,407.25072832179336,164.5497032180324,0.011189761915785988
242.03874770090346,407.25072832179336,408.08509028771635,165.37398195000014,0.010505634950198992
242.08183396380693,408.08509028771635,408.89019135069356,166.08599545263436,0.011286905222691903
243.64670040710683,408.89019135069356,410.0047127644982,165.35762784157748,0.01563100805959192
243.8035545263108,410.0047127644982,411.0948722344766,166.45571149847365,0.013056347026439805
244.1558231035808,411.0948722344766,412.2802734208506,167.324408015429,0.012500660966263514
244.46318491913286,412.2802734208506,413.0352275276042,167.92816611396995,0.010060570226584105
245.09980207830324,413.0352275276042,413.9973142967623,168.29851888163648,0.009359270887852354
245.6180751479421,413.9973142967623,414.84569242277803,168.53190890102618,0.010870443340776779
246.76232239437445,414.84569242277803,415.64895247636525,168.20486493128283,0.010652580479812494
246.85657871484804,415.64895247636525,416.490488270717,168.9444146245501,0.01077335830185698
247.37288172378138,416.490488270717,417.07425222617627,169.18300249172526,0.008099500166713314
247.58776099466908,417.07425222617627,417.8269465325499,169.56177166021868,0.010584591838471609
247.94517177750623,417.8269465325499,418.34519776601746,169.916713446355,0.007551758471191484
250.01743095753736,418.34519776601746,419.03158656515745,168.34234557388945,0.010497031777041376
250.2880066591097,419.03158656515745,419.9005583004551,168.75805531401872,0.013351505114479092
250.87753426408128,419.9005583004551,420.77435401560035,169.10962344508616,0.012299942288014152
251.19762863118578,420.77435401560035,421.5608067376549,169.6651623223357,0.010906496627084318
251.2958470105984,421.5608067376549,422.4489892025403,170.4793672619579,0.01052773328100046
251.30566554445426,422.4489892025403,423.3054584363878,171.24013133767596,0.011869711785275412
252.08553376660385,423.3054584363878,424.0121845648421,171.23663672334968,0.010781469920133614
252.13334834770268,424.0121845648421,425.0716797022856,172.30402074699919,0.009911103243496231
252.23147290280286,425.0716797022856,426.0203052746017,173.0101784986797,0.0121664667674867
252.68799688820624,426.0203052746017,426.9593524077602,173.36921445733284,0.01409595409720513
252.87470943766124,426.9593524077602,428.04207624844287,174.35580653369152,0.012680629329532683
253.18066330753416,428.04207624844287,428.8396057589531,175.07811179827164,0.009075478955426677
253.4935263953734,428.8396057589531,429.4919463359557,175.35758772010433,0.010013003444967878
253.505606245628,429.4919463359557,430.3282499912926,176.1419290138269,0.010636167684963704
254.60887939804726,430.3282499912926,431.56635353373684,176.11887535104623,0.013103106010052757
256.6368609129895,431.56635353373684,432.52272992540986,175.03664798439473,0.01326907856290058
256.97914276650687,432.52272992540986,433.1682875952605,175.57099345936837,0.009658615146644997
257.1856722131293,433.1682875952605,434.0136534254339,176.05014268712335,0.012153726955957383
258.3210415755371,434.0136534254339,434.9282876492668,175.80990106266734,0.012458515797849781
258.58912077079856,434.9282876492668,435.60411979533274,176.4407933952143,0.008971962958122666
259.0758454671449,435.60411979533274,436.4212842504083,176.5703999154618,0.012109982309399851
260.11027611397805,436.4212842504083,437.360305218924,176.53220848031452,0.011215947259866185
260.32565716198695,437.360305218924,438.0245729989616,177.05551619824422,0.010053119355163074
261.28854101976464,438.0245729989616,439.0978568279509,176.91245614713273,0.01401343220396181
261.86019052591,439.0978568279509,439.74076993805807,177.299088865952,0.009085789784313302
262.37339622426424,439.74076993805807,440.5391769294381,177.40757008216798,0.011847040984466496
263.2561880165179,440.5391769294381,441.33339564201253,177.42354742338813,0.010213440657913554
263.2634969562964,441.33339564201253,442.03226871385925,178.08923930590288,0.010617694557186582
263.4501578430735,442.03226871385925,442.85468875283743,178.58277528680532,0.012839931608728771
263.5629320923849,442.85468875283743,443.5100878187925,179.3077118439411,0.00999131066353871
263.72725175759774,443.5100878187925,444.39654896799004,180.14939321765263,0.00812349988655758
263.93835884230026,444.39654896799004,445.2104987474918,180.56294694214887,0.011081140047541122
264.06707985268395,445.2104987474918,446.1420846847803,181.18792084353862,0.013860687321214758
264.36520596430813,446.1420846847803,446.99415547051785,181.91339974359977,0.011180465040780744
264.5416811661804,446.99415547051785,447.70542681509016,182.49053536467602,0.010518910691151843
264.8221522825874,447.70542681509016,448.5948798857655,183.1443062132513,0.009819084217606158
265.14756814385163,448.5948798857655,449.6026692783304,183.7656301434783,0.010772984234381916
265.2830929996364,449.6026692783304,450.47189034987196,184.5134463486724,0.010552359399424949
265.76819700146945,450.47189034987196,451.2098422448757,184.72287948374998,0.011230714994628969
266.356105546015,451.2098422448757,452.1534367988638,185.03286764541986,0.011944743866078045
267.13496473300654,452.1534367988638,452.7960374079115,185.0935939387573,0.008866855252307624
267.24980020842037,452.7960374079115,453.58789671332005,185.62376129946813,0.011161487584867635
267.7458007313135,453.58789671332005,454.32318278689985,185.92096954195438,0.010256445525499074
268.4317855311259,454.32318278689985,455.3467613442764,186.1684359319438,0.011664685643854549
268.45561611676476,455.3467613442764,456.2433386490421,187.0308457520601,0.011826199690894146
268.7407669006776,456.2433386490421,456.996884590747,187.5832099680312,0.010514183156847021
269.2161003692192,456.996884590747,458.04833400879505,188.06382843476752,0.012006331325130817
269.36491361306526,458.04833400879505,458.8376748310582,188.83878819951047,0.009905828413789342
270.28414849357534,458.8376748310582,459.6540429509364,188.7084775896539,0.010334638557924023
270.93174919963616,459.6540429509364,460.46718840861547,188.75331669395405,0.012220664297270154
271.026624305954,460.46718840861547,461.2854882875965,189.53240114914513,0.01135098175777154
271.3250193401914,461.2854882875965,462.09231837405497,190.0300645545462,0.011519288739334197
273.00148509611773,462.09231837405497,462.85707951654564,189.21224136676835,0.010052391463430135
273.4004298026445,462.85707951654564,463.6889392786014,189.49562335762442,0.012388845598945548
274.1113904899573,463.6889392786014,464.3967489699987,189.6696566544519,0.009620341024836745
275.34831798337405,464.3967489699987,465.22703853550263,189.10566242301167,0.012079033267452176
275.644768596912,465.22703853550263,466.2170164573064,189.6734901666448,0.014043088964837417
275.693299346789,466.2170164573064,466.95420284763503,190.5524241905747,0.011069989222989459
275.8173419478657,466.95420284763503,467.6769520544167,191.2225004700021,0.009954838071076028
276.14901595195647,467.6769520544167,468.41595313202913,191.63474997744936,0.009877925040989093
276.4424167418157,468.41595313202913,469.14583571429307,192.06294318656205,0.010007434154927275
276.84802108962896,469.14583571429307,470.1371386177285,192.61685923459777,0.0105040358359657
277.50736295705184,470.1371386177285,470.8008147123478,192.65849754490569,0.009921159537347976
278.2675251516285,470.8008147123478,471.6208803030714,192.70928391185043,0.01006361311863206
278.8006385522947,471.6208803030714,472.6028204820483,193.1164988517511,0.010713798093789553
280.230816347879,472.6028204820483,473.3937071886541,192.39527104599483,0.011994059293441824
282.0383722811029,473.3937071886541,474.1975329498128,191.51433870382976,0.010075343201252234
282.6909143059127,474.1975329498128,474.8565913561822,191.51694014875886,0.010136514086103228
283.66424109650643,474.8565913561822,475.7787768949753,191.42748740666804,0.010735131121888232
283.9218082619604,475.7787768949753,476.45169980166656,191.87183160075637,0.01028218654609038
283.9939256501986,476.45169980166656,477.33480416396094,192.58622485594645,0.011791463403372796
284.41476253201597,477.33480416396094,478.13148685531223,193.01913838620987,0.01089978026697449
285.7099173304534,478.13148685531223,478.97612163639343,192.52232848447693,0.01162305971036122
285.7899252672844,478.97612163639343,479.8068644207407,193.21612262597648,0.012512758241872125
286.0089598741597,479.8068644207407,480.5835123515341,193.94362454030568,0.009858249016699417
286.50804583596295,480.5835123515341,481.41644007529834,194.14768810873784,0.011886033290586816
286.7951996330824,481.41644007529834,482.0899650191696,194.64987569688947,0.010076401393714362
286.82199118825883,482.0899650191696,482.9483734486745,195.3856185892949,0.01157443236126181
288.899600808574,482.9483734486745,483.7868053222225,194.24210554337895,0.010079671410461573
289.28814229210565,483.7868053222225,485.00331021583605,194.86327947234895,0.013310757052835104
289.43420840859926,485.00331021583605,485.68458654798064,195.60130317286848,0.010141796351763958
289.68308001309623,485.68458654798064,486.4452955698918,196.16039167074376,0.009403498219559341
289.6978120907657,486.4452955698918,487.16927824132074,196.86673664052205,0.009448898594265466
290.1003530381711,487.16927824132074,488.0847726594012,197.14328292508935,0.013142760877199351
290.9232815315136,488.0847726594012,488.9209022994118,197.32951405404447,0.010439167403963947
291.3268135956254,488.9209022994118,489.84318695110113,197.69051069185008,0.01290410411915045
292.06929101488504,489.84318695110113,491.043595403162,197.9891392690019,0.015393204988672506
292.40704165631394,491.043595403162,491.64703404212486,198.68160226585547,0.008724845624303843
293.135450607677,491.64703404212486,492.45093222489726,198.56815000406726,0.011677056455515877
293.4889543496594,492.45093222489726,493.486145816028,199.27106666036804,0.011345700093758671
294.000180979136,493.486145816028,494.1839729242207,199.48879912603996,0.01085926279757366
294.96143585689333,494.1839729242207,495.3972852002849,199.55265191506356,0.01379995981762535
297.1574308140286,495.3972852002849,496.21041656190954,198.316114954993,0.011513606138873873
297.42646449583515,496.21041656190954,496.92080017111914,198.81214925404623,0.010659162831840367
299.14906162339383,496.92080017111914,497.67640133162894,197.842101793562,0.010706842416767483
299.20508484265645,497.67640133162894,498.48086197700576,198.57945766080667,0.010879991774103762
299.65934448938003,498.48086197700576,499.33281416803607,198.8446323875334,0.012950582673790881
300.0106072351901,499.33281416803607,500.0802641552208,199.33200070395088,0.01152587837624747
300.4420504589435,500.0802641552208,501.22842293809373,200.07359805877866,0.011137100318304984
301.36555322096797,501.22842293809373,502.1471234169415,200.19844800568086,0.00911128422332276
301.6124739600587,502.1471234169415,502.9304245700608,200.5906540513314,0.0113640087292297
303.7131906671762,502.9304245700608,503.6891337207525,199.26037617670704,0.011180732451082327
304.1102105481368,503.6891337207525,504.5815626030821,199.85702015826485,0.009598935885632062
304.8411776086753,504.5815626030821,505.6371651926639,200.08053700374558,0.0111789153162964
305.28588956981815,505.6371651926639,506.24794455151016,200.38172024168153,0.00906773031266402
305.65443456585353,506.24794455151016,507.25285161167966,200.77795522561132,0.012819715940856718
305.9420906479564,507.25285161167966,508.0245932366426,201.4080449671893,0.01053840033588942
305.95427827696614,508.0245932366426,508.8323065233228,202.2955496960014,0.00910122734930113
307.91873648808456,508.8323065233228,509.73280457800763,201.11375586316484,0.010942378543097559
308.4396025997918,509.73280457800763,510.4391963771703,201.33008086797656,0.010461139209405456
309.8195778094508,510.4391963771703,511.25155270300667,200.7065516252755,0.011334738566881167
311.8415421939553,511.25155270300667,511.95433527212396,199.4644415137671,0.010130493193774227
312.6161458483604,511.95433527212396,512.730221582461,199.44903932399922,0.010391193907834283
312.855735479935,512.730221582461,513.4475998916914,199.91201065387463,0.010622714966903406
313.1728337925659,513.4475998916914,514.5355438588474,200.63083383788802,0.011435566068648055
313.22266853641725,514.5355438588474,515.4517049025293,201.3470767155029,0.013780619540767376
314.40781343925096,515.4517049025293,516.1958172676248,201.1077540854775,0.01062890223275435
314.9955723484426,516.1958172676248,517.0116120096001,201.326738503844,0.010770330583023693
316.3693682151705,517.0116120096001,517.7679142208958,200.72693569354664,0.010493911127791643
317.580915640685,517.7679142208958,518.6585945648816,200.3487100347869,0.01139013889702519
317.6014410140517,518.6585945648816,519.7294287998322,201.3837398628482,0.011628873795818638
318.4838590897966,519.7294287998322,520.3679655710265,201.27109652976583,0.009578280491626309
318.55684307508716,520.3679655710265,521.1454690641751,201.9285259661275,0.010314062858758041
318.5950570422144,521.1454690641751,522.0658018888537,202.65387060332705,0.012763660051752852
319.16329298470094,522.0658018888537,523.1780215881743,203.1874856184258,0.012925671641367405
319.4676106603621,523.1780215881743,523.9466741459748,203.79270899253174,0.01072428895439149
320.2553891052437,523.9466741459748,524.6404024619999,203.72785178830247,0.010268149507090185
321.8907865188734,524.6404024619999,525.491152052956,202.800650918033,0.012495540875774615
322.1658815394956,525.491152052956,526.3886541314984,203.4990608466607,0.011307996020970087
322.62776239314,526.3886541314984,527.2728064956079,204.0116564562158,0.009896681972689718
322.6293256125503,527.2728064956079,528.1481182780501,204.68753084334418,0.012988465971181203
322.7449028713312,528.1481182780501,528.8612554746687,205.44684081242656,0.010461121732984253
323.3055421385081,528.8612554746687,529.492323131834,205.59026783829137,0.00932051804741535
323.3117917008479,529.492323131834,530.1804347272699,206.1837497511096,0.010701457426757061
323.8357713641303,530.1804347272699,531.1374857019805,206.47225908407074,0.012960238340302927
324.3320955902279,531.1374857019805,532.197461686348,207.1819066124969,0.010679054431612559
324.3807506129285,532.197461686348,532.9998945572073,207.92276614980494,0.01088090303865327
325.6808172191455,532.9998945572073,533.9540076940924,207.35097068354492,0.014409684240655448
326.40662472908804,533.9540076940924,534.6958941692923,207.61127761173026,0.010593622319905864
327.6050591095769,534.6958941692923,535.506216915045,207.16106907801975,0.01156388636637945
327.68816378090435,535.506216915045,536.2376384002486,207.8263473368578,0.011298863788849893
328.3897627800184,536.2376384002486,537.1083041897084,208.00747020522,0.011110487569844327
328.5999163160274,537.1083041897084,537.9081729370323,208.58390020585176,0.011318068986766822
330.12263532737006,537.9081729370323,538.9060690537635,208.10390826812193,0.010617585285492698
330.4548876542412,538.9060690537635,539.7078758150909,208.5942275058065,0.010293135235049985
330.9369055135611,539.7078758150909,540.7814051550237,209.06078508560245,0.012245539935313412
331.0998161887888,540.7814051550237,541.3722721425714,209.68755855132207,0.009139021913446304
331.42150978658333,541.3722721425714,542.3025356512401,210.108783338884,0.012066289465198606
332.11839245395237,542.3025356512401,542.9795224405684,210.1850448108084,0.01056383087199383
332.6498838272984,542.9795224405684,543.7174609216813,210.4637593031129,0.009434652988594352
332.65688619551173,543.7174609216813,544.4131499202737,211.0834194878134,0.010513191202321737
332.6748097504786,544.4131499202737,545.8098916620236,212.33039176682274,0.012573283511284875
332.9809965962842,545.8098916620236,546.5708329011512,212.8505681534662,0.011551064865637993
333.7343381682983,546.5708329011512,547.2674482717317,212.87796463243882,0.010236647984290964
334.20131786013155,547.2674482717317,547.9580744966055,213.09743275573078,0.010301935636612743
334.3015821127892,547.9580744966055,548.8297812734867,213.86119580302488,0.010421927463634365
335.1132223194616,548.8297812734867,549.6345203029565,213.7489458539722,0.012068002023792554
336.79958236482037,549.6345203029565,550.6674712405894,213.06152147373473,0.012599490656785294
337.0048038455769,550.6674712405894,551.4772850504667,213.67146134428577,0.01251593532193691
337.3300145525483,551.4772850504667,552.2173480153881,214.19262757604258,0.01085477948120643
337.6246673586591,552.2173480153881,553.2424295554619,214.8137260468706,0.012563064842688966
337.79832072674185,553.2424295554619,553.9632028462127,215.53535563205003,0.009836351365950144
338.0110175091502,553.9632028462127,555.23303813549,216.50240582987465,0.011243981194768906
338.1897846377735,555.23303813549,555.993896895222,217.17899647608647,0.009767434083780224
338.291110000082,555.993896895222,556.7380569484884,217.7420172929214,0.011014525866953687
338.32102355942743,556.7380569484884,557.4768553288148,218.4419856231118,0.011153846035557111
338.4896599419635,557.4768553288148,558.4726304602946,219.3380885357842,0.010076280977294464
339.5749612264353,558.4726304602946,559.2485954662086,218.9693801292952,0.011003970476221172
339.7692431188838,559.2485954662086,560.4339660712649,219.89098279591764,0.012089689944740379
339.9042394680854,560.4339660712649,560.9597722221127,220.5664246354728,0.007642314352414074
340.6815666002774,560.9597722221127,561.975655949722,220.45083470903444,0.013175853756408744
340.94026489889484,561.975655949722,562.8797821240623,221.25777372997925,0.010652242112316107
341.6559453209179,562.8797821240623,563.6463873214341,221.2341153177482,0.011817604418249864
342.2369850878505,563.6463873214341,564.3998066522,221.42987829611025,0.011452238566239179
342.81804038772566,564.3998066522,565.1038923418984,221.63142690716245,0.010225391359534776
343.00001773465857,565.1038923418984,565.9654718649814,222.25859971324195,0.011044600266888843
343.4271340198233,565.9654718649814,566.7652123517883,222.57898755348089,0.011860793413812413
344.87880048762105,566.7652123517883,567.6620790014271,222.09586271866073,0.010740871799144328
345.55785983474505,567.6620790014271,568.4674565610525,222.24740641819676,0.010346723564228506
346.1685787076648,568.4674565610525,569.4094614451418,222.50860266551263,0.011441876124444412
346.4712432209743,569.4094614451418,570.216396999483,223.00062653131954,0.011633238237329441
347.0546781595656,570.216396999483,571.1053307797558,223.24107015552613,0.012649726010377022
347.4213027786304,571.1053307797558,572.0206233951047,223.88316036583814,0.011190003916190457
347.5111018406146,572.0206233951047,572.7530055490465,224.5725387422097,0.010458827597222267
347.68841113041765,572.7530055490465,573.5851882863891,225.13922686009926,0.011836723373002424
347.773874347066,573.5851882863891,574.389336378975,226.00842882026768,0.00948489393189585
348.320940328021,574.389336378975,575.1957190924902,226.1289088645545,0.011654217186168266
348.3714148975731,575.1957190924902,576.3254232187065,227.30458480339473,0.010147242464666542
348.41777360197045,576.3254232187065,577.1035500446941,227.92594801547682,0.011872319175731425
348.52568533867685,577.1035500446941,577.9528249052062,228.6970368874766,0.011407854360198186
348.76363718100856,577.9528249052062,579.4456679744127,230.03761657631753,0.01006897214197821
348.85158068199377,579.4456679744127,580.5408765570207,230.8597844731542,0.012961115654262471
349.507601120385,580.5408765570207,581.8431552258775,231.5237597258169,0.012684287182430124
349.8945198311389,581.8431552258775,583.0746107922042,232.48113326483548,0.01092121400359208
352.4516403250688,583.0746107922042,583.8704726378296,230.7191127602527,0.010933118007938777
354.158522219232,583.8704726378296,585.0970575285844,230.0542134836772,0.013817528526175496
354.5171606927001,585.0970575285844,586.1710415572877,230.80027065729786,0.013337659488902236
354.83531388858694,586.1710415572877,587.0246290550211,231.4637999490377,0.011336175271819633
354.8951808161297,587.0246290550211,587.8414198291068,232.26014556452014,0.010720210132140674
355.71959437241213,587.8414198291068,588.4037379241827,232.13146761192985,0.008635561560011178
357.4827877978544,588.4037379241827,589.2464391542486,230.93189629851696,0.012996172779331084
357.81208534906943,589.2464391542486,590.3656241934356,231.8471699255415,0.011037014356635833
358.60208598877983,590.3656241934356,591.0951829028244,231.79424627819736,0.010919541185112187
358.61254002388154,591.0951829028244,591.9171524901521,232.56574851249576,0.011544749277732719
362.306288645485,591.9171524901521,592.7764294652878,229.64454484998646,0.012899937028381195
362.35937852255574,592.7764294652878,593.7056985894678,230.5252458093264,0.012829285274775663
363.11531541247325,593.7056985894678,594.5248693639536,230.62718405189105,0.012224529681082525
363.14256568109283,594.5248693639536,595.3727537550616,231.45168214646628,0.012164155117226362
363.3144045212527,595.3727537550616,596.4744388833114,232.33620830706417,0.012872282109289614
363.51494710858543,596.4744388833114,597.1757615596888,233.03432643347406,0.009788875275457458
364.0441335714148,597.1757615596888,597.9163226857513,233.14313763847838,0.011391429310283798
364.077427599049,597.9163226857513,598.7853246434499,234.05295609246105,0.010233452374061343
364.3022023775327,598.7853246434499,599.5607007425383,234.55112502239558,0.011052708478281967
364.4234432761673,599.5607007425383,600.6003518449397,235.4091432196525,0.011996333579999706
364.4841818139195,600.6003518449397,601.4733777696642,236.17459167222427,0.012728191930006402
365.32633714827625,601.4733777696642,602.2859191621152,236.24997203909345,0.011087655855398771
365.5668637444244,602.2859191621152,603.3479531103985,237.08394982720415,0.010892805293280499
365.61587925417103,603.3479531103985,604.1339343392112,237.79166570506897,0.011349834062050642
365.90241299386486,604.1339343392112,605.0123001952861,238.42499715514003,0.010701406973144466
366.0003660997882,605.0123001952861,605.7939030942256,239.06406284501435,0.011398033584735146
366.00091852268866,605.7939030942256,606.6353142173666,239.807636121783,0.012918118326484455
366.05594322866256,606.6353142173666,607.2333576503999,240.59883149800584,0.009040358183304564
366.6535192308205,607.2333576503999,608.0664782076975,240.71704779704964,0.01087361218480306
366.6543873221753,608.0664782076975,609.0667045728602,241.64522886707226,0.011985755993946903
366.89302838360135,609.0667045728602,609.9380796073169,242.3455287870692,0.010930038072599272
367.24325319014713,609.9380796073169,610.8967036201104,242.9581857759846,0.010863510218417818
367.39254099929616,610.8967036201104,611.8194291266091,243.63371060533206,0.01239339878095149
367.7949733205036,611.8194291266091,612.7727531755479,244.21284959190723,0.011952035361517184
368.7086744325805,612.7727531755479,613.7328261585287,244.32205935443966,0.01097019330482105
369.0216323749649,613.7328261585287,614.4835357376048,244.739012478534,0.01129517006415566
369.3152838936366,614.4835357376048,615.4502932222089,245.35967638250548,0.012114577282294214
369.39110772922743,615.4502932222089,616.0826554054527,246.09266787658783,0.009357496869335373
369.7069504884938,616.0826554054527,616.7720385510695,246.4431960578512,0.009717062573820268
370.86652593788716,616.7720385510695,617.4172935214949,245.9321155643376,0.009666437801095398
371.1580439272408,617.4172935214949,618.1458009863103,246.32042978033758,0.010426988730185837
371.5225361397119,618.1458009863103,619.1968387611154,246.93314327594027,0.011580614772862055
372.960759939823,619.1968387611154,620.3956588401692,246.61571317777714,0.012799776915140474
373.16058047710516,620.3956588401692,621.0437207096085,247.28940270879497,0.009277148807942462
373.18312932323613,621.0437207096085,621.8585387368561,247.90123193122383,0.012096523162439652
374.2336234461957,621.8585387368561,622.7038202901834,247.65660599306648,0.012712357045644624
374.57918671392787,622.7038202901834,623.5173122551479,248.18859904073094,0.011711351570142761
374.65064598849483,623.5173122551479,624.2922480120396,248.90103414333828,0.01157137312822729
374.69452459971563,624.2922480120396,624.956227030497,249.60892618496206,0.010199628840926744
375.0284937162231,624.956227030497,625.8326119488946,250.0267679496542,0.012146098172144768
375.81325817363665,625.8326119488946,626.6668014550191,250.1081055216141,0.01164746499638166
375.82877825796567,626.6668014550191,627.5850189494416,250.99132693300925,0.011951777476043311
375.86518258851737,627.5850189494416,628.5419646846542,251.92902235397054,0.01168374597134917
375.9210052841382,628.5419646846542,629.2613446055309,252.67626920179003,0.01037609561879107
376.0059785311043,629.2613446055309,630.067562201711,253.4923650054954,0.008894041642363154
376.5047393194108,630.067562201711,631.0513333200407,253.85307953699356,0.010836163494317888
376.53298575801085,631.0513333200407,631.7751933963,254.5406186912257,0.010962327297866127
377.4870275696248,631.7751933963,632.7297674004298,254.30588147614998,0.01463841179148423
378.74628097412636,632.7297674004298,633.4172664134608,253.99948061361084,0.010492262901930855
381.24453158221127,633.4172664134608,634.3063304939398,252.2218211076671,0.01312465318845973
381.24942986975736,634.3063304939398,635.4053625633715,253.35493792522448,0.012515543256086961
381.3576620199675,635.4053625633715,636.3312569577085,254.18162258910206,0.012374567947484833
381.72477629538736,636.3312569577085,637.6471477468689,255.019872908065,0.014101539740882527
381.7597290345211,637.6471477468689,638.5141127037572,255.9167031814353,0.013088757621886698
383.8169368706839,638.5141127037572,639.4022045173969,254.8318072963931,0.011772817973748309
385.4950102640748,639.4022045173969,640.2526863692912,254.05122389456238,0.011038315791469244
385.83686239314176,640.2526863692912,641.019173161043,254.48623979030816,0.010876109024892468
386.83579739802974,641.019173161043,641.782940849116,254.22643874104745,0.011261011094356552
387.87190059198025,641.782940849116,642.7993599535881,254.24803828268278,0.010615954358205016
388.24946843730817,642.7993599535881,643.4125337198635,254.5938957296334,0.00889327426440479
388.49385256606485,643.4125337198635,644.1910529092731,255.00671181986166,0.010788883177290766
389.4972521876081,644.1910529092731,645.1241577290631,254.8105078814744,0.012756213437196412
389.79649829227833,645.1241577290631,645.8743888442407,255.41063430640156,0.010425878836886913
391.03783236426085,645.8743888442407,646.7020973256539,254.97227409483463,0.010812357289974255
391.5433199391862,646.7020973256539,647.7183580433172,255.448605942183,0.011350502530436308
391.88560042118917,647.7183580433172,648.4004625638187,255.87889036183373,0.009937059074934272
392.1356038454703,648.4004625638187,649.1022700105062,256.27921787139724,0.010741379588104543
392.3068366406544,649.1022700105062,650.1264249883378,257.10487892198523,0.011167334776533526
392.41711496359176,650.1264249883378,650.9561258767164,257.86504282176315,0.010530751427523913
392.4224315160472,650.9561258767164,651.9378536328252,258.7278986765784,0.012305053753118286
392.57771805492166,651.9378536328252,652.9724385724378,259.6821201488018,0.011134380761160707
392.58686018192554,652.9724385724378,653.7831316555977,260.4065912432527,0.012338753600303046
392.71200805200715,653.7831316555977,654.7374102007004,261.2243896400987,0.012515820446790577
394.365330684315,654.7374102007004,655.392290201745,260.431373774979,0.009306027225796978
395.60195454982056,655.392290201745,656.729911391199,260.33035631007203,0.012462508301663242
396.80401159937105,656.729911391199,657.6410113080151,260.0656043011895,0.012053053241476883
397.004200731236,657.6410113080151,658.7384694387142,261.10248013295836,0.00987169647687242
398.49593966156567,658.7384694387142,659.5347758152631,260.4440204573575,0.009293995255310895
399.07055408652354,659.5347758152631,660.3962275975297,260.624271975434,0.010959398993314547
399.0930119655159,660.3962275975297,661.1309697903826,261.30969272971976,0.01137914211166994
399.2241921171937,661.1309697903826,661.7250124537787,261.98588579688504,0.00804585218281274
399.7648344415814,661.7250124537787,662.4167383685493,261.99238204363934,0.010305029427009095
399.85344121877216,662.4167383685493,663.3509497407767,262.84137266357635,0.01025212278794032
399.91274132164995,663.3509497407767,664.2205939291212,263.47144671268074,0.013068842106100799
400.628039834553,664.2205939291212,665.0815930106044,263.6857920623773,0.011996267401157595
400.6310234117276,665.0815930106044,665.8226485299616,264.4529280072719,0.011542142358783395
400.64865841581235,665.8226485299616,666.6761799083874,265.2403581545256,0.012299427157022785
401.62369005464456,666.6761799083874,667.5871205636419,265.28003450304124,0.010678062593064024
401.7985021494404,667.5871205636419,668.6704818215911,266.0061731450945,0.013528226985252148
403.1432813064935,668.6704818215911,669.6862726949686,265.8083552399241,0.01147868982110875
403.9121366377517,669.6862726949686,670.5862310360717,265.8659008270283,0.012628024551432684
404.48664226074874,670.5862310360717,671.6247272244909,266.4506929662859,0.010740499960254696
404.7005577249566,671.6247272244909,672.2580675789857,266.9426175394207,0.009607692415755101
404.7866983841766,672.2580675789857,673.144225825967,267.4891915374865,0.013567748504749403
404.8255019934777,673.144225825967,674.0755335531351,268.4392521262805,0.012668428646514032
405.5426684957859,674.0755335531351,674.8827239599887,268.5830032487284,0.011828940866786378
405.59519383588207,674.8827239599887,675.522450434081,269.32040703014803,0.009482024500794176
405.69733604967104,675.522450434081,677.3302240852931,270.98590587571374,0.010109096248567893
406.0810953092905,677.3302240852931,678.0262068479319,271.29212249185514,0.010202953856036246
406.10083989765775,678.0262068479319,678.7571276380841,272.0341505073041,0.009720894267535246
406.64060878841786,678.7571276380841,679.5623305120554,272.1923070865441,0.011397103704585288
406.67420551958793,679.5623305120554,680.2979229393231,272.9823526672928,0.01002132425691381
406.77635892662056,680.2979229393231,681.2213769964742,273.75204803911333,0.01082765673031683
406.8175196857871,681.2213769964742,681.9519529502953,274.43323571029265,0.010956211784619299
407.98577924211054,681.9519529502953,682.9854913329392,274.2468658329094,0.011763222779987766
409.7788027790578,682.9854913329392,683.8714587328167,273.2935110421234,0.012486639244304758
410.4362504891103,683.8714587328167,684.6024298147905,273.4808948342733,0.010707570178233337
411.02366564313036,684.6024298147905,685.365919609137,273.680764167082,0.010335778108198494
411.16926035860286,685.365919609137,686.2164585486831,274.3308204779763,0.011193401751624178
411.73404520146875,686.2164585486831,687.5848162486117,275.06265953038866,0.012314242449285619
412.3256450667215,687.5848162486117,688.4392377459798,275.3679540626902,0.011650603383875172
413.0406000094826,688.4392377459798,689.2849754989345,275.53867788326744,0.01102652509663259
413.84256943662695,689.2849754989345,690.2387524784368,275.7293353331752,0.010419495447416723
414.6720977877403,690.2387524784368,691.2305896330028,275.9895021454606,0.008890464059402884
414.68189979290304,691.2305896330028,691.9900435799225,276.59066941484735,0.011210537065188212
415.26987381271437,691.9900435799225,693.055511034244,276.9675487620869,0.012782632178792958
415.7588099070025,693.055511034244,693.8797484475107,277.3767609453387,0.011627774924523174
416.78978728791634,693.8797484475107,694.6147851874391,277.12244323877434,0.01097741657419366
416.8528225858892,694.6147851874391,695.6184136470298,278.023494822926,0.011595253722101902
417.41437947046563,695.6184136470298,696.3708916760899,278.2654984516756,0.010797089905446373
417.73448672316687,696.3708916760899,696.9298687102016,278.6451959635413,0.00859665661708538
418.0623315902543,696.9298687102016,697.9339947451076,279.3052068384677,0.00885087994352493
418.1436575999755,697.9339947451076,698.6217502147449,279.93546870189635,0.008478498638641073
418.86515260332465,698.6217502147449,699.2773800464427,279.79968246361284,0.00957101530476849
419.2197704578671,699.2773800464427,700.0699726527283,280.13211099722895,0.011220174963003924
419.27432724663345,700.0699726527283,700.8544232811024,280.9023439101212,0.010589876942933025
423.0096646681833,700.8544232811024,701.612152259097,277.8511285533332,0.011739984962195988
423.47722090370013,701.612152259097,702.5013389655455,278.2338886371311,0.012347334761161314
423.73311276856487,702.5013389655455,703.4115189691869,278.97406974105206,0.011005257180780565
425.36356465053126,703.4115189691869,704.2109345224079,278.07239463452237,0.012108988083661388
426.29689533736956,704.2109345224079,704.9760918566623,277.92599217591606,0.011768817865259167
427.06968191880685,704.9760918566623,705.814651741684,277.98744200011254,0.011836372230696012
427.10568409543043,705.814651741684,706.8585676742356,278.98165945695393,0.012050376903925887
427.66780035107956,706.8585676742356,707.5787729883644,279.3108141309415,0.0093774766616159
428.7602427047785,707.5787729883644,708.3851686426534,278.88693076177464,0.011531174626566953
429.10359231887577,708.3851686426534,709.398863759651,279.4966988625392,0.01247769653493834
429.8341017648926,709.398863759651,710.2992272922492,279.67144467692674,0.012401263287965722
429.99689404648086,710.2992272922492,711.1134612557416,280.3343691310381,0.012221844972230072
430.0717431820373,711.1134612557416,711.8066402960035,281.0759673676111,0.010295777286798456
431.153929880522,711.8066402960035,712.4894511997119,280.6926000721787,0.01004564448454955
431.4268599133329,712.4894511997119,713.4059310932986,281.2576698705043,0.011271895460334917
431.7845552188263,713.4059310932986,714.1802180477564,281.66699278762576,0.011385469395379856
431.96472853879493,714.1802180477564,715.1426763397334,282.36095883047653,0.012765452663467016
432.3107769034366,715.1426763397334,715.9819509243374,282.96204972400506,0.01108006713899668
432.48561195175614,715.9819509243374,716.9288263611986,283.69946993375265,0.01162100743265413
432.5139492992357,716.9288263611986,717.877718501808,284.7177529968311,0.010094003214704581
433.51096550460363,717.877718501808,718.653862678493,284.4452588556388,0.010900598722664988
433.6045705599834,718.653862678493,719.3043641870886,285.0759531174345,0.009747507963605202
433.7967773000846,719.3043641870886,720.2019731320701,285.521090392715,0.013814147488601028
434.7688624490652,720.2019731320701,720.9942304022939,285.58783574407914,0.009961440767960583
435.31690591901804,720.9942304022939,721.6313286327546,285.7078295719476,0.009478017840451703
435.7529386545019,721.6313286327546,722.5330794103071,286.0789959002284,0.010955388368386585
436.83918401502757,722.5330794103071,723.3848699638822,285.7400917571684,0.01258740924509804
436.9286078528054,723.3848699638822,724.2087980453016,286.4968299239729,0.012240004195677065
437.262685458786,724.2087980453016,725.0041811844609,286.98769616883,0.011778118075701406
437.5774327431896,725.0041811844609,725.8879448344439,287.52482198146566,0.012276407965448297
439.3240371189859,725.8879448344439,726.711861978995,286.6060415509765,0.01221536420363345
440.1871142315354,726.711861978995,727.407110310291,286.53037816698946,0.010775279871346813
440.29739900017296,727.407110310291,728.1171110606988,287.2515151891739,0.008878076114873134
440.3810119619038,728.1171110606988,729.1393702327114,287.9578945027848,0.012507246375355212
440.6125657113319,729.1393702327114,729.8153744054703,288.60764098440626,0.009299495464564505
440.722064410996,729.8153744054703,730.4940318353503,289.1908299865384,0.009080272465873614
440.95589609363367,730.4940318353503,731.1991097417862,289.576176368112,0.010422457500632271
441.0124161474722,731.1991097417862,732.0809963730437,290.36576043525724,0.01098155922365968
441.46162498730826,732.0809963730437,732.8276293263136,290.63345614267905,0.011446065567598064
441.5732480654607,732.8276293263136,733.4928942720276,291.28441598018526,0.009925472287212642
441.6953161588716,733.4928942720276,734.2811839223986,291.9389110857653,0.010108698090025571
443.70080265154627,734.2811839223986,734.9908094012106,290.6111406536455,0.010607282750294978
444.5471455744349,734.9908094012106,735.9528264144749,290.5783994256826,0.012926272099334116
445.6174811633611,735.9528264144749,736.8383754264772,290.468513368134,0.011755951484095143
445.6502728999544,736.8383754264772,737.5948599699924,291.2621111875784,0.010663685663430773
445.80310617659023,737.5948599699924,738.3329581280449,291.8985434740502,0.00986419495944474
446.03706426394723,738.3329581280449,738.9811632034441,292.37366579914925,0.00891301781793211
446.9117220045398,738.9811632034441,739.752231246176,292.0907974566553,0.011714246640327466
447.3850953546432,739.752231246176,740.5239487365083,292.406140044385,0.011448645898126442
447.3881966016268,740.5239487365083,741.2804127680469,293.17560881403807,0.011196989880967798
447.55656509082695,741.2804127680469,742.0994446602897,293.7600521915804,0.01223167777941055
448.40058613679275,742.0994446602897,742.9200821245641,293.8001876979879,0.011239192027866472
451.2381042070237,742.9200821245641,743.8262743313901,291.93328738370934,0.010232542822766616
451.4495162936535,743.8262743313901,744.4244222212923,292.39847551710824,0.009006725164539445
451.7631296405225,744.4244222212923,745.2803834785252,292.7474946588653,0.012027487174022427
452.2290261959686,745.2803834785252,746.088015900013,293.1067669399015,0.011753480689734442
452.5425606903463,746.088015900013,747.0431610405968,293.83797951914613,0.010353450486005463
453.37407385422813,747.0431610405968,747.7796729579476,293.7296820287524,0.01056120429636023
454.48105466679107,747.7796729579476,749.0109949250875,293.73910189310396,0.012356849456133034
454.5864523090371,749.0109949250875,749.9418994286732,294.47018641265925,0.013832198546513172
454.9827488205865,749.9418994286732,750.7280539126634,294.9841628452715,0.011892847606334824
455.038342877856,750.7280539126634,751.7190930840155,295.9857681967458,0.010859093897090008
455.1260783810892,751.7190930840155,752.5839102750087,296.73337820252846,0.011319588927986589
455.44291779914664,752.5839102750087,753.3422126111542,297.2167929527673,0.01066409155062946
455.62683557216127,753.3422126111542,754.0051853735156,297.7650960139102,0.009582090428814449
455.67237747096846,754.0051853735156,754.8244489188153,298.5281726121993,0.009748419306992693
456.0469088244862,754.8244489188153,755.6200834190129,298.8166561701254,0.011820600381270538
456.71746125597,755.6200834190129,756.5260367846981,299.22223552347356,0.009161562582101906
457.3716603336849,756.5260367846981,757.1374775326819,299.22139502631785,0.008506596448113562
457.56089566637996,757.1374775326819,757.8169815133867,299.6579370020872,0.009346075701867839
457.9472229656304,757.8169815133867,758.7812869701208,300.07540017900675,0.011854122273184024
458.0582597687315,758.7812869701208,759.8390917129175,301.0541208796679,0.011354860383095775
458.18938631930627,759.8390917129175,760.5155170806577,301.7086548005905,0.009648061886889298
458.3837256686634,760.5155170806577,761.349502464561,302.22349608749505,0.011598136068790645
459.80745732595597,761.349502464561,762.1643007936087,301.66994686467683,0.010732759421499333
460.0756890453346,762.1643007936087,763.0074872452673,302.24544293736875,0.010724300977561258
460.51680588602056,763.0074872452673,763.9699631150977,302.85086758793824,0.009410775642796023
460.90009263803137,763.9699631150977,764.7528006957755,303.1621219096891,0.01079040856335905
461.5887328133837,764.7528006957755,765.5750110397744,303.2635671917079,0.011292359916919372
463.04819843449417,765.5750110397744,766.3284144722501,302.58155885424316,0.010916518492387058
463.2603066374679,766.3284144722501,767.1161039687013,303.1047757386307,0.011734712384416868
463.91779415141366,767.1161039687013,767.8455773056081,303.23793664021105,0.010778851780990839
464.12002148765606,767.8455773056081,769.0074912122038,304.15652795585567,0.011420965135815005
465.15346839091995,769.0074912122038,770.045454869065,304.1665033251001,0.011335674266327186
465.228210831035,770.045454869065,770.698444728502,304.8442904087438,0.00978036701129843
465.3009013262369,770.698444728502,771.4837705646028,305.46640291747093,0.011194786263983148
465.67563011886034,771.4837705646028,772.1143906913893,305.9291401080469,0.007962819757532255
465.71835746042626,772.1143906913893,772.7831581363168,306.4311866064293,0.009900219835332348
465.87995778547514,772.7831581363168,773.6056921093649,307.0182811225324,0.011053956271208837
466.2704571983777,773.6056921093649,774.5377283591517,307.54524907394796,0.011281595106657449
466.422164930851,774.5377283591517,775.1997884324212,308.16964216132413,0.009499708441344575
467.7444777222851,775.1997884324212,775.8895593353526,307.5101605296973,0.00992064192765883
468.1357987572181,775.8895593353526,776.8787213774461,307.99477794879505,0.011689760491140625
468.4592387869944,776.8787213774461,777.7129206476225,308.5785920393967,0.010548278456740834
468.83152334674315,777.7129206476225,778.5071445112648,309.0196248384107,0.01024994259548203
469.46572832638776,778.5071445112648,779.5339354272819,309.297742540674,0.012038508753440702
469.646273446461,779.5339354272819,780.2927178263176,309.9485573790914,0.010904484386955559
470.3516130342622,780.2927178263176,781.185185313926,310.04954436630373,0.012250436146250546
471.62648261702714,781.185185313926,782.2258070596615,309.75889382584626,0.013131728387313994
472.64701430479437,782.2258070596615,783.1346139108342,309.786200559174,0.010959360107278222
473.0085033546207,783.1346139108342,783.990121947364,310.3026205494237,0.010609344426868311
473.13026930676915,783.990121947364,784.8242032954471,310.9496335701533,0.011629694039446734
473.29420875815356,784.8242032954471,785.6371979764813,311.61176261593243,0.011425415662426972
474.0983586657294,785.6371979764813,786.3502509667196,311.54863334151344,0.01098842124182434
474.5605790119729,786.3502509667196,787.1485985202246,311.825606233465,0.011912707418542234
474.7580388567864,787.1485985202246,787.8237592172145,312.42472948822314,0.010015482378201643
474.7739767004141,787.8237592172145,788.539957925493,313.0761450334552,0.010778690494120263
475.75872418670986,788.539957925493,789.5669830832495,313.03255704311425,0.012120341459772399
475.84165812368354,789.5669830832495,790.3535265081417,313.77485458711664,0.011515840583462097
476.1405361009368,790.3535265081417,791.3076739051742,314.43715755061913,0.011405941462784704
476.29761945390504,791.3076739051742,792.2607859575104,315.3289477505553,0.009909668016406354
476.5074921305755,792.2607859575104,792.9883950439565,315.7840689683796,0.01088803039064808
476.54789990595094,792.9883950439565,793.728031691479,316.5548362882557,0.009770242144881983
476.7144609706435,793.728031691479,794.9864275654531,317.42511398718227,0.013232071994177494
477.96715674272474,794.9864275654531,795.6938471648209,317.04158010908355,0.01070484864082164
478.2693482056919,795.6938471648209,796.5883869137981,317.6141621068548,0.011013696894552883
478.56143349069697,796.5883869137981,797.7166822251334,318.46751830114664,0.010745788020152146
479.00489479429035,797.7166822251334,798.6618063654382,318.9071305238352,0.011715328864260112
479.222918464887,798.6618063654382,799.3793232797402,319.5543836800258,0.009406580231678691
479.4207991631064,799.3793232797402,800.1659409735154,320.0964375807117,0.010136003589019747
479.4306140888622,800.1659409735154,800.9405626257919,320.8339854146939,0.010561923784934497
480.2136948230215,800.9405626257919,801.613981703541,320.74859708471075,0.010182653059510416
480.81951085867684,801.613981703541,802.4504439320035,321.0323828557531,0.009352347149587777
481.0732140714582,802.4504439320035,803.2536920322517,321.4859037473525,0.010852722085014891
481.5646016245837,803.2536920322517,804.0231297035797,321.7508625709579,0.011057273563095328
481.8187570939239,804.0231297035797,804.8142696375081,322.357471048362,0.009969398362845966
481.8801177193943,804.8142696375081,805.7140600687358,323.1524998260513,0.010647539426408052
481.95833758650497,805.7140600687358,806.3299945869518,323.791174048886,0.009070046118138364
483.6280136521333,806.3299945869518,807.2034463833368,322.83035873189806,0.011641781239147449
484.262036417295,807.2034463833368,808.0775302457566,323.1098517181033,0.011025657974349613
484.4855192363671,808.0775302457566,808.8777028678724,323.7444017100376,0.010121592522932132
485.1941308486845,808.8777028678724,809.8130583104466,323.91163784565276,0.01105140025170866
485.55665254251727,809.8130583104466,810.5662641715104,324.34173613374986,0.01043555461317579
486.3281732521574,810.5662641715104,811.2617199262945,324.2578288649855,0.010558090767993245
486.87696344208535,811.2617199262945,811.8838870739895,324.43931318366987,0.008868913253660777
487.5819773008429,811.8838870739895,812.6398962576068,324.3795943034809,0.0105988227075461
487.5848480510282,812.6398962576068,813.6039340603631,325.08778226752975,0.01455162096570675
489.7376979561105,813.6039340603631,814.3670754050912,323.8931270453516,0.011503912556705556
489.76147340477775,814.3670754050912,815.3146882940891,324.84913142852173,0.011001304074838483
490.01097187326104,815.3146882940891,816.0707987555824,325.3226864262599,0.011517819625960064
490.0770796406847,816.0707987555824,817.3134688805253,326.4766891100213,0.011870314528425668
490.18519082572396,817.3134688805253,818.1643181686471,327.2389379590366,0.011565459123227373
490.4481202078197,818.1643181686471,818.9166309366192,327.73133694208997,0.011518340417336442
490.6683775329411,818.9166309366192,819.6604219803633,328.2599773312055,0.011438548690884197
492.11335306664677,819.6604219803633,820.3546935129514,327.5914499387614,0.01015453918036181
492.35659833394436,820.3546935129514,821.191937310798,328.0189954053669,0.012755368304480076
493.86064114476324,821.191937310798,821.968387713345,327.47193560421294,0.009934546318262665
494.2971759991362,821.968387713345,822.655908804159,327.6754193659513,0.010676772485493063
494.546353806684,822.655908804159,823.3494947815103,328.2318260777978,0.008926795266069685
495.0034118951325,823.3494947815103,824.4956065698923,328.6791690860144,0.012703524824147577
495.43614002841997,824.4956065698923,825.3809657487054,329.13759695160053,0.012612949510702208
495.58527484652177,825.3809657487054,826.195164800382,329.88275649985485,0.011361460218834794
495.73091044389867,826.195164800382,827.1627293835575,330.7051845197749,0.011353662810686609
496.8775197604279,827.1627293835575,827.8676698335629,330.31444930621745,0.010557824483086382
496.9173301597842,827.8676698335629,828.766347318818,331.21785116838157,0.0098619686039416
497.2789513999623,828.766347318818,829.6191239439913,331.56462089839425,0.012117994463043433
498.80543929914467,829.6191239439913,830.4026695961894,330.93703041897464,0.010315623094844687
498.9962966906539,830.4026695961894,831.7496326126982,331.96813078417875,0.012268830279149264
499.83710888487275,831.7496326126982,832.7069487246623,332.1835175339775,0.010723786028312867
500.02293432575834,832.7069487246623,833.4125142677152,332.7306076486059,0.01029644208360992
501.5855543783785,833.4125142677152,834.2826839452487,331.97202792894376,0.011329713092600066
501.6606281761595,834.2826839452487,835.022981231155,332.6838247797394,0.010602004300876504
501.92551203044263,835.022981231155,835.7313499521897,333.1669923588645,0.009981961920040153
502.28518803213353,835.7313499521897,836.6286381805985,333.5023226716138,0.013142616825799454
502.9692090301536,836.6286381805985,837.4435353482414,333.8312813279813,0.010047577970415224
503.39800662317106,837.4435353482414,838.1624352421782,334.09712429277755,0.010426630097336766
504.16562337694285,838.1624352421782,838.8609434182434,334.0907767524728,0.009445988887933809
504.24216199646725,838.8609434182434,839.63880885185,334.66597027423387,0.011416821580450886
505.03990072073304,839.63880885185,840.5592821362109,334.8165255027551,0.010982123636292362
506.26929119062765,840.5592821362109,841.2702672083656,334.36243620042944,0.009977184645444072
506.98645277345156,841.2702672083656,842.0028779601846,334.35718674148677,0.010300600706972722
507.1790500007774,842.0028779601846,842.7388814471213,334.88061064940774,0.010612824952127444
